scene,B,acc_mode,n_dir,dirs,n_proc_repeat,repeat_digest_equal,n_iter,cg_iters,grad_cg,refresh_every,tol,n_calls,rho,rho_mode,res_device_max,res_converged,res_ref_cpu,ref_err_rel_l2_max,ref_err_rel_l2_by_dir,deriv_accepted_1e8,deriv_accepted_1e6,active_set_slip_match,joint_gate_1e8,joint_gate_1e6,cost_graph_ms_median,cost_graph_ms_max,cost_joint_ok_1e6,gpu_util_after_max_pct,digest_first,module_sha256,refs_sha256,status
cube,1,float32,3,0|1|5,1,,200,8,60,4,1e-08,6,0.059287455769646176,sqrt,7.111717645336135e-09,True,9.71445146547012e-16,4.5828117282509613e-07,0:4.250e-07;1:4.583e-07;5:1.190e-07,False,True,True,False,True,51.51191900949925,52.22204595338553,51.51191900949925,12,0a4267ad45a93f4b3baaa57e8261e038b27dabc3c2d13875f77b47d034c7dd56,e985b4ef8e37ce6189c79b38e4f04b2a4863e9c24f8efc11044f208347ff8379,b3050816ea0e9584ea60a0c24ea3f16bd570fd89a720fed2886bfc2c5ebea885,measured
cube,1,float64,3,0|1|5,1,,200,8,60,4,1e-08,6,0.059287455769646176,sqrt,8.773083176594199e-09,True,9.71445146547012e-16,4.2279203869625994e-07,0:1.984e-14;1:4.228e-07;5:1.393e-07,False,True,True,False,True,52.644342998974025,52.899785921908915,52.644342998974025,9,4d4209156b652916c5ceb2bbc75d97491902d9a7b0ad298fb5a96c3866b66edb,e985b4ef8e37ce6189c79b38e4f04b2a4863e9c24f8efc11044f208347ff8379,b3050816ea0e9584ea60a0c24ea3f16bd570fd89a720fed2886bfc2c5ebea885,measured
cube,1,int64,3,0|1|5,3,True,200,8,60,4,1e-08,6,0.059287455769646176,sqrt,8.773064608114112e-09,True,9.71445146547012e-16,4.2279171864805694e-07,0:3.527e-13;1:4.228e-07;5:1.393e-07,False,True,True,False,True,65.92536746757105,68.54737200774252,65.92536746757105,68,14b5816cbb5d3e1081b3d911807f48c4190ff97e2280a6cc7d61c00b1d27d0af,e985b4ef8e37ce6189c79b38e4f04b2a4863e9c24f8efc11044f208347ff8379,b3050816ea0e9584ea60a0c24ea3f16bd570fd89a720fed2886bfc2c5ebea885,measured
cube,256,float32,3,0|1|5,3,False,200,8,60,4,1e-08,6,0.059287455769646176,sqrt,2.1672499628255792e-08,False,9.71445146547012e-16,4.5828117282509613e-07,0:4.250e-07;1:4.583e-07;5:1.190e-07,False,True,True,False,False,66.0920140799135,68.42006999067962,,14,5c0c8a6eb28fd074a70cb662cce24d47397ad4b0303987801ccc73f0e2f96736,e985b4ef8e37ce6189c79b38e4f04b2a4863e9c24f8efc11044f208347ff8379,b3050816ea0e9584ea60a0c24ea3f16bd570fd89a720fed2886bfc2c5ebea885,measured
cube,256,float64,3,0|1|5,1,,200,8,60,4,1e-08,6,0.059287455769646176,sqrt,8.773083218227562e-09,True,9.71445146547012e-16,4.2279203869625994e-07,0:1.984e-14;1:4.228e-07;5:1.393e-07,False,True,True,False,True,64.68389299698174,65.46703993808478,64.68389299698174,8,444a3f172fe470fe04fd8521000f678a49db7412f78d36f7e144f3f57a115f3a,e985b4ef8e37ce6189c79b38e4f04b2a4863e9c24f8efc11044f208347ff8379,b3050816ea0e9584ea60a0c24ea3f16bd570fd89a720fed2886bfc2c5ebea885,measured
cube,256,int64,3,0|1|5,1,,200,8,60,4,1e-08,6,0.059287455769646176,sqrt,8.773064608114112e-09,True,9.71445146547012e-16,4.2279171864805694e-07,0:3.527e-13;1:4.228e-07;5:1.393e-07,False,True,True,False,True,92.42646500933915,93.84194295853376,92.42646500933915,76,2da4be978063811e670ea742b08b069f1838030dabe9b81ec88d23b0b75e1bcc,e985b4ef8e37ce6189c79b38e4f04b2a4863e9c24f8efc11044f208347ff8379,b3050816ea0e9584ea60a0c24ea3f16bd570fd89a720fed2886bfc2c5ebea885,measured
eight_box_tower,1,float32,3,0|1|5,1,,200,8,60,4,1e-08,34,1.5990276298194137,sqrt,1.0421581292405912e-08,False,9.922618282587337e-16,7.945631391396744e-06,0:3.808e-06;1:2.438e-06;5:7.946e-06,False,False,True,False,False,207.55084708798677,208.34138500504196,,99,3d8dd2d5fbc473cd1fdc23b309e154c5c07f21bf156ab8eb5096dd7e544d8820,e985b4ef8e37ce6189c79b38e4f04b2a4863e9c24f8efc11044f208347ff8379,b3050816ea0e9584ea60a0c24ea3f16bd570fd89a720fed2886bfc2c5ebea885,measured
eight_box_tower,1,float64,3,0|1|5,1,,200,8,60,4,1e-08,34,1.5990276298194137,sqrt,9.75152778311809e-09,True,9.922618282587337e-16,1.2067303764507503e-12,0:8.353e-13;1:7.444e-13;5:1.207e-12,True,True,True,True,True,205.69147600326687,206.47785696201026,205.69147600326687,100,7fe49fe3006498f30766d6848d1f8d8fa0b6bf87394f09e2412c3b1e1c720461,e985b4ef8e37ce6189c79b38e4f04b2a4863e9c24f8efc11044f208347ff8379,b3050816ea0e9584ea60a0c24ea3f16bd570fd89a720fed2886bfc2c5ebea885,measured
eight_box_tower,1,int64,3,0|1|5,1,,200,8,60,4,1e-08,34,1.5990276298194137,sqrt,9.500234275012726e-09,True,9.922618282587337e-16,3.001960682112299e-11,0:2.585e-11;1:3.002e-11;5:2.590e-12,True,True,True,True,True,263.47317500039935,263.6200289707631,263.47317500039935,100,63800e05dcf4195031dd34f4e44cdc2a22be1be4e96d937b99d28418abc04d59,e985b4ef8e37ce6189c79b38e4f04b2a4863e9c24f8efc11044f208347ff8379,b3050816ea0e9584ea60a0c24ea3f16bd570fd89a720fed2886bfc2c5ebea885,measured
eight_box_tower,256,float32,3,0|1|5,1,,200,8,60,4,1e-08,34,1.5990276298194137,sqrt,1.463678741818617e-08,False,9.922618282587337e-16,7.951679878240361e-06,0:3.922e-06;1:3.446e-06;5:7.952e-06,False,False,True,False,False,1091.2013769848272,1092.7794079761952,,100,50ea140ee15704462c428af4fff7dbc848f132009a044b74d76548e7de130a6e,e985b4ef8e37ce6189c79b38e4f04b2a4863e9c24f8efc11044f208347ff8379,b3050816ea0e9584ea60a0c24ea3f16bd570fd89a720fed2886bfc2c5ebea885,measured
eight_box_tower,256,float64,3,0|1|5,1,,200,8,60,4,1e-08,34,1.5990276298194137,sqrt,9.994739090581052e-09,True,9.922618282587337e-16,1.2305046192936434e-12,0:8.976e-13;1:7.480e-13;5:1.231e-12,True,True,True,True,True,1118.2671800488606,1126.1154059320688,1118.2671800488606,100,9207c0c72a0a55e50aad67642d353d13094a158d1eec7d18a7a3ceed1f9136c1,e985b4ef8e37ce6189c79b38e4f04b2a4863e9c24f8efc11044f208347ff8379,b3050816ea0e9584ea60a0c24ea3f16bd570fd89a720fed2886bfc2c5ebea885,measured
eight_box_tower,256,int64,3,0|1|5,3,True,200,8,60,4,1e-08,34,1.5990276298194137,sqrt,9.500234275012726e-09,True,9.922618282587337e-16,3.001960682112299e-11,0:2.585e-11;1:3.002e-11;5:2.590e-12,True,True,True,True,True,1254.7719105496071,1294.3110729102045,1254.7719105496071,100,62ce9edbb5fee0e7b9f8d93f8aa1612e3cc485e55efad4899050fd355ac55ba7,e985b4ef8e37ce6189c79b38e4f04b2a4863e9c24f8efc11044f208347ff8379,b3050816ea0e9584ea60a0c24ea3f16bd570fd89a720fed2886bfc2c5ebea885,measured
eight_box_tower_mass_imbalance,1,float32,3,0|1|5,1,,400,8,60,4,1e-08,34,1.1507361304611858,sqrt,0.0053652803354065914,False,9.992007221626409e-16,52.253687458154886,0:4.635e-05;1:5.225e+01;5:1.578e-04,False,False,False,False,False,319.1272169351578,319.57342894747853,,100,40abe5dc61e4046d4ac8904790ad9ecb8219451dcad379002d81afdf35b5b0c4,e985b4ef8e37ce6189c79b38e4f04b2a4863e9c24f8efc11044f208347ff8379,b3050816ea0e9584ea60a0c24ea3f16bd570fd89a720fed2886bfc2c5ebea885,measured
eight_box_tower_mass_imbalance,1,float64,3,0|1|5,1,,400,8,60,4,1e-08,34,1.1507361304611858,sqrt,2.773877235327793e-05,False,9.992007221626409e-16,0.0007326501977418465,0:1.996e-05;1:7.327e-04;5:1.575e-04,False,False,True,False,False,309.19112102128565,310.63872796949,,99,b5a88eac346968ac10c2d87f14a2df127fffecfc73ee7b5cd6215092ad680607,e985b4ef8e37ce6189c79b38e4f04b2a4863e9c24f8efc11044f208347ff8379,b3050816ea0e9584ea60a0c24ea3f16bd570fd89a720fed2886bfc2c5ebea885,measured
eight_box_tower_mass_imbalance,1,int64,3,0|1|5,1,,400,8,60,4,1e-08,34,1.1507361304611858,sqrt,2.773877207411235e-05,False,9.992007221626409e-16,0.0007326495995338782,0:1.996e-05;1:7.326e-04;5:1.575e-04,False,False,True,False,False,394.9487910140306,397.3242740612477,,100,f0d05b9b9a727d36adfcd784a028c1cc25f3c9f546b4bc9d7b4390265fe008ed,e985b4ef8e37ce6189c79b38e4f04b2a4863e9c24f8efc11044f208347ff8379,b3050816ea0e9584ea60a0c24ea3f16bd570fd89a720fed2886bfc2c5ebea885,measured
eight_box_tower_mass_imbalance,256,float32,3,0|1|5,1,,400,8,60,4,1e-08,34,1.1507361304611858,sqrt,0.1049759055733183,False,9.992007221626409e-16,0.0007343689311314659,0:2.723e-05;1:7.344e-04;5:1.581e-04,False,False,False,False,False,1683.4280510665849,1683.8510959642008,,100,0f0e31c459d702e7acfd48317009dff1db2e286309fe492160c3c6be99204024,e985b4ef8e37ce6189c79b38e4f04b2a4863e9c24f8efc11044f208347ff8379,b3050816ea0e9584ea60a0c24ea3f16bd570fd89a720fed2886bfc2c5ebea885,measured
eight_box_tower_mass_imbalance,256,float64,3,0|1|5,1,,400,8,60,4,1e-08,34,1.1507361304611858,sqrt,2.7738772353444463e-05,False,9.992007221626409e-16,0.0007326502064318936,0:1.996e-05;1:7.327e-04;5:1.575e-04,False,False,True,False,False,1710.1836330257356,1710.3931760648265,,100,132e68481b36bcd65b984aaa467de238f68dab4bac4adf08a26b38c6e613a9e8,e985b4ef8e37ce6189c79b38e4f04b2a4863e9c24f8efc11044f208347ff8379,b3050816ea0e9584ea60a0c24ea3f16bd570fd89a720fed2886bfc2c5ebea885,measured
eight_box_tower_mass_imbalance,256,int64,3,0|1|5,3,True,400,8,60,4,1e-08,34,1.1507361304611858,sqrt,2.773877207411235e-05,False,9.992007221626409e-16,0.0007326495995338782,0:1.996e-05;1:7.326e-04;5:1.575e-04,False,False,True,False,False,1911.7722994997166,1959.2034820234403,,100,898ab699b37238eb79d46f0025a8ddd01cbb855d74516845497513ed52fe2d65,e985b4ef8e37ce6189c79b38e4f04b2a4863e9c24f8efc11044f208347ff8379,b3050816ea0e9584ea60a0c24ea3f16bd570fd89a720fed2886bfc2c5ebea885,measured
lattice,1,float32,3,0|1|5,1,,200,8,60,4,1e-08,66,1.8945544306921818,sqrt,4.3454633363859685e-09,True,9.922618282587337e-16,1.2797996137103759e-05,0:2.908e-06;1:8.256e-07;5:1.280e-05,False,False,True,False,False,417.575619998388,432.5893180212006,,100,ce3bdb14930883901729c2a89457bee83ff85da0043aacab291aa7cf6677e4d6,e985b4ef8e37ce6189c79b38e4f04b2a4863e9c24f8efc11044f208347ff8379,b3050816ea0e9584ea60a0c24ea3f16bd570fd89a720fed2886bfc2c5ebea885,measured
lattice,1,float64,3,0|1|5,1,,200,8,60,4,1e-08,66,1.8945544306921818,sqrt,2.161495170349692e-09,True,9.922618282587337e-16,4.0712612979783444e-12,0:8.013e-13;1:6.208e-13;5:4.071e-12,True,True,True,True,True,405.4371149977669,406.1362330103293,405.4371149977669,100,ddd77e966f1e3eebb77f3287a44f548d2e8e65bb3d1829f5e6c5fd0d7d825adc,e985b4ef8e37ce6189c79b38e4f04b2a4863e9c24f8efc11044f208347ff8379,b3050816ea0e9584ea60a0c24ea3f16bd570fd89a720fed2886bfc2c5ebea885,measured
lattice,1,int64,3,0|1|5,1,,200,8,60,4,1e-08,66,1.8945544306921818,sqrt,2.1615134231101063e-09,True,9.922618282587337e-16,1.562436973819317e-11,0:1.557e-11;1:1.562e-11;5:1.195e-11,True,True,True,True,True,536.7426309967414,537.9718750482425,536.7426309967414,100,2b556071110a43aa68d7df9424b6d02adfe443e30051f32d71aa672c076fa304,e985b4ef8e37ce6189c79b38e4f04b2a4863e9c24f8efc11044f208347ff8379,b3050816ea0e9584ea60a0c24ea3f16bd570fd89a720fed2886bfc2c5ebea885,measured
lattice,256,float32,3,0|1|5,1,,200,8,60,4,1e-08,66,1.8945544306921818,sqrt,7.984455818732528e-09,True,9.922618282587337e-16,1.2989345856421904e-05,0:3.262e-06;1:1.417e-06;5:1.299e-05,False,False,True,False,False,3310.2446619886905,3354.1832140181214,,100,c1f1faa81c7658fee2d7ea400905b46ff1b1d915fbf15eb5855e72db0e9f1ad9,e985b4ef8e37ce6189c79b38e4f04b2a4863e9c24f8efc11044f208347ff8379,b3050816ea0e9584ea60a0c24ea3f16bd570fd89a720fed2886bfc2c5ebea885,measured
lattice,256,float64,3,0|1|5,1,,200,8,60,4,1e-08,66,1.8945544306921818,sqrt,2.161495177288586e-09,True,9.922618282587337e-16,4.055325431116676e-12,0:8.100e-13;1:6.324e-13;5:4.055e-12,True,True,True,True,True,3390.9824449801818,3401.332029956393,3390.9824449801818,100,0a0bfdaf589057c07595bd0b8a18cdd52765f42cc35c34a894ad76c97bd5553a,e985b4ef8e37ce6189c79b38e4f04b2a4863e9c24f8efc11044f208347ff8379,b3050816ea0e9584ea60a0c24ea3f16bd570fd89a720fed2886bfc2c5ebea885,measured
lattice,256,int64,3,0|1|5,1,,200,8,60,4,1e-08,66,1.8945544306921818,sqrt,2.1615134231101063e-09,True,9.922618282587337e-16,1.562436973819317e-11,0:1.557e-11;1:1.562e-11;5:1.195e-11,True,True,True,True,True,3669.2984519759193,3672.739023924805,3669.2984519759193,100,45303157935b54eeba08bca9ea27a3896d1d7d36ca7b978520f5acfca6edfc2b,e985b4ef8e37ce6189c79b38e4f04b2a4863e9c24f8efc11044f208347ff8379,b3050816ea0e9584ea60a0c24ea3f16bd570fd89a720fed2886bfc2c5ebea885,measured
sphere_packing_200,1,float32,1,0,1,,100,8,4,4,1e-08,160,146.16324886942115,sqrt,5.732025345837359e-06,False,9.984959907505253e-16,1.544485924493939,0:1.544e+00,False,False,False,False,False,22029.605544987135,22029.605544987135,,100,f8fbef2528d4dcfeb458d164eec9c203e9221c3e0e9af3aa3ede49401a7b8831,e985b4ef8e37ce6189c79b38e4f04b2a4863e9c24f8efc11044f208347ff8379,b3050816ea0e9584ea60a0c24ea3f16bd570fd89a720fed2886bfc2c5ebea885,measured
sphere_packing_200,1,float64,1,0,1,,100,8,4,4,1e-08,160,146.16324886942115,sqrt,5.731868845892479e-06,False,9.984959907505253e-16,1.544482413730212,0:1.544e+00,False,False,False,False,False,36203.689239919186,36203.689239919186,,100,9262a5f46dcd8acc06837db459082ab7b6ee43d092268e6a6e6090163f826ac9,e985b4ef8e37ce6189c79b38e4f04b2a4863e9c24f8efc11044f208347ff8379,b3050816ea0e9584ea60a0c24ea3f16bd570fd89a720fed2886bfc2c5ebea885,measured
sphere_packing_200,1,int64,1,0,1,,100,8,4,4,1e-08,160,146.16324886942115,sqrt,5.731917475284876e-06,False,9.984959907505253e-16,1.5444862164211544,0:1.544e+00,False,False,False,False,False,22031.15906601306,22031.15906601306,,100,f55cfdd9dd02e0710f9c7d1a2e84d7259bff9e2b0a03375a578bdad3b637ad76,e985b4ef8e37ce6189c79b38e4f04b2a4863e9c24f8efc11044f208347ff8379,b3050816ea0e9584ea60a0c24ea3f16bd570fd89a720fed2886bfc2c5ebea885,measured
