run,it,state,cost_sum,cost_p50,res_max,res_p95,grad_norm,H_sha256,digest,n_slip,res_pass,ms_forward,ms_adjoint,ms_total,chunk,n_calls,n_iter,cg,grad_cg,theta_sha256
series_std_f32_p0,0,initial,477544.0525869588,2912.5316625949936,4.9489034537053556e-08,3.943191435873404e-08,9145.418274178635,a62a0e322726e167e6b86e28b1b563a4067fe10eb124d3b4cbcd53117ee02948,78b8ee20c606c8027f675a58cd1e94a5cdc721102962f33f2cdd24c4743e1439,-1,1,1557.868167059496,1284.3568640528247,2902.6112019782886,1024,7,300,4,60,020bd156497d059e9ae53f0708d8e5877767869e618ec33a0173cb91f7319ce3
series_std_f32_p0,0,prev_theta,477544.05363245565,2912.531720460679,4.339245839035666e-08,3.842108216994821e-08,9145.418356638465,4d38396ac0beaca2ecc594865edda7d08512dc489f1f84ad82b7b06f6b7444f5,63164239c068b716ee9be4e7f934be9d9ca6fb6bde4a723b6df3177a1ab84356,-1,1,1101.4451349619776,1048.8993799081072,2204.279922065325,1024,7,300,4,60,020bd156497d059e9ae53f0708d8e5877767869e618ec33a0173cb91f7319ce3
series_std_f32_p0,0,accepted,277333.88849169004,1662.5901596563658,0.21320236488519187,5.663395274038485e-05,13554.688742390572,94a07b92ec630cb914e385a0eeb9370c027e56c3a76168951a73e87c21b6a189,410c7613343c2966ae91c7f520e5d173155c67d198e30af8828e15e2cd923681,-1,0,1096.2238099891692,1066.1948550259694,2209.107029950246,1024,7,300,4,60,534b8dd4cd1f7a8a961a81e3c2bc0dae15de144478c91975a44d373f1f0d775e
series_std_f32_p0,1,prev_theta,277821.6806647286,1662.590136767919,0.04767847283692864,4.976621884039348e-05,11499.094409588744,16009a8e8e57e97ad347ecbb0b85e7645d958935e644920cbf04ab7ea65d3651,283d2058d76acd3b843906762254c38c0f949a4a715f30065fa83856aac8d3e1,-1,0,1095.6078069284558,1047.054975060746,2178.1822990160435,1024,7,300,4,60,534b8dd4cd1f7a8a961a81e3c2bc0dae15de144478c91975a44d373f1f0d775e
series_std_f32_p0,1,accepted,217819.5697962979,1628.87676845236,0.034325536644984236,0.00011818480045456291,3616.3338002367245,69d4a268add2937899f574b8945775288ca0c6012ea07ed317c2500f1069c84a,69a00ff6cc4f0fac826409467941cf7ea0a988028746b24255a03b420503ae82,-1,0,1093.1274939794093,1041.7943720240146,2171.331683988683,1024,7,300,4,60,136c8da3d36df3df7bb010996d020b6c5730ff50a1e6614d78f88afc49ae266c
series_std_f32_p0,2,prev_theta,217802.31617835432,1628.8767652397512,0.034509488589956706,0.00011645839385255567,5640.035486873461,15008faadf59008fe0b1b992d02b6d2b3098eb5c94b084e63f7369dd728daefd,e7fb11dc22b3bca6cad539ab74bf1b16521005da544ea153b887220fe0225e65,-1,0,1091.2047919118777,1040.4052379308268,2165.9547459566966,1024,7,300,4,60,136c8da3d36df3df7bb010996d020b6c5730ff50a1e6614d78f88afc49ae266c
series_std_f32_p0,2,accepted,213905.64136302687,1608.6778525194777,0.03382529325718576,2.0116139493239563e-06,2662.1666449440477,6d865ae317ab981031c7d40821050e678f1c5dea9d760989b27b22a6a8369a26,f5dd84723dfe683e77c12e9f6cd426be27ad74d18daf86a737635ae6177a110f,-1,0,1107.953455997631,1044.743561069481,2220.22839600686,1024,7,300,4,60,c09038702d0ca23ee62fab152a6a75690079b31404aed6721c858c2651625974
series_std_f32_p0,3,prev_theta,213875.32819829698,1608.6778495052047,0.03190114199669494,2.0624278738593295e-06,3859.43874133705,f33077eb81ea3df15406fd96842196760e29670d5c0be00a309587b825b0fa9f,3b8d2997bda49c0317ddf4a371fded2ca1cc77ae7bcccedc90c41dbcab3f780e,-1,0,1088.9018409652635,1047.8401540312916,2171.362434979528,1024,7,300,4,60,c09038702d0ca23ee62fab152a6a75690079b31404aed6721c858c2651625974
series_std_f32_p0,3,accepted,212996.91002647544,1607.9405732843898,0.036443256325755055,2.7266830282378993e-06,4077.628489303338,c4c714c75c31c002ad3309c8fad82e094c39ac450e2b5eb4de99a425422f0a3f,a3728b144ae69072ce6b2019713e24f911282c735bf81d1b423b0413d980abc8,-1,0,1091.3794999942183,1052.7894890401512,2192.3919279361144,1024,7,300,4,60,0447a72a278d3dfc50cb89aea4650f841813932867f4f66954be5fada30d1572
series_std_f32_p1,0,initial,477544.05346373207,2912.5316119057534,4.6686696474063094e-08,3.7812971036971224e-08,9145.41834403296,542a9314b4eb07d97f2b79bfbcd2fcacaee3c126b688eafa7fd26d872bdcc83b,9630481ef439b9b0dd18f7363a64a4b79bf1a56fd3b592843a67d8734bebeede,-1,1,1537.853615009226,1320.6286259228364,2911.899578059092,1024,7,300,4,60,020bd156497d059e9ae53f0708d8e5877767869e618ec33a0173cb91f7319ce3
series_std_f32_p1,0,prev_theta,477544.0510913908,2912.5316498297534,5.4787293091163036e-08,4.1877858424771426e-08,9145.41833689596,1cbdbdf1b9074b5fde64958cb11b89d138f38fcc090dd9a0da73b5eee74f051e,0ba2655afeedba4f090c5236aa7b257b7a874f605120d6b58fd5e6ffe41e3fa9,-1,1,1094.2884719697759,1059.3621790176257,2204.30722204037,1024,7,300,4,60,020bd156497d059e9ae53f0708d8e5877767869e618ec33a0173cb91f7319ce3
series_std_f32_p1,0,accepted,277035.76640306786,1662.5901793828834,0.027268321784347654,0.00013502087417544288,13795.271965220294,e654b56379177fd244d261850608c273a56eaceab9d0376adf3c918121fc7c2c,277fbe416124c73b9a7cbb350ae15a126940d687edece1822e7e317ce0954b67,-1,0,1109.0619190363213,1049.782873946242,2205.123482970521,1024,7,300,4,60,9b4c9f04a26d035c0b96f8140e07ce8bc50d82027ed566d0da3cba528bd2369c
series_std_f32_p1,1,prev_theta,276646.39536299976,1662.590167289541,0.03745648990740518,0.0001370370303424489,14725.071652244267,3f9e966e2aa929b27ad71af3edd4177c02a3fc0c36ecf6b1822620fcfb6a6031,d1f811483b22306933cbb5beacf13ed98ce3ac0d23b5c881744289bb17535557,-1,0,1089.6449700230733,1046.1736370343715,2172.0054079778492,1024,7,300,4,60,9b4c9f04a26d035c0b96f8140e07ce8bc50d82027ed566d0da3cba528bd2369c
series_std_f32_p1,1,accepted,217646.91559927195,1628.8767867516503,0.03192823836923694,0.0007337275762926555,11581.863772420846,40b13a640aa00ac253b54c4840c0bb3dfe88f797531a9e7c8ddffa2a1f61d045,4a3c785f93cdb04a60ee96a865848108f765e6e2cc239e39a007f4341f84e883,-1,0,1101.651556091383,1049.5068179443479,2187.519946019165,1024,7,300,4,60,64c6d0aa1a32a71e0170fb315b7e305a94f2463a8dfcfd5b929f5c0169746b34
series_std_f32_p1,2,prev_theta,217503.56758215447,1628.8767974025463,0.03473534059413096,0.000787353167861742,9613.371635513999,0bb813d92e1f98eb23e6f8b1f4bd3e0db4a430818b3d8be764a9eb8c9dd3f1d5,ac28901f356dcafabf8271ded131dae700e8b5b49f6fc67e93abb16c7d3da16d,-1,0,1097.482339013368,1049.8427100246772,2182.2997570270672,1024,7,300,4,60,64c6d0aa1a32a71e0170fb315b7e305a94f2463a8dfcfd5b929f5c0169746b34
series_std_f32_p1,2,accepted,213994.36352781806,1608.6778671763745,0.025695460456914086,0.0003568305554928477,5926.097170749171,45fa8cf67a487c8506b5867a295f5475d9272e5e22253d1de7a5af7d1f85fbb6,6d58710d1500a8d976594ddcef676a60c31622efa0ea8434c0da32595853f401,-1,0,1094.7648130822927,1049.1276159882545,2180.0474339397624,1024,7,300,4,60,45d19c03b68c861783b078a3d45ee82fca68d959c9f93dcb2001615269b97ea7
series_std_f32_p1,3,prev_theta,214115.04641159176,1608.6778514618347,0.03668215370747793,0.00036327559216028926,9303.242934843192,764218857e6752431084c9fb2aa345eb70404aa8ffefb93068091ea806f66aa5,64014329145650b96937db699771b8c33f775a0b64dc80de35db3318c7783f43,-1,0,1096.9947089906782,1051.0657959384844,2195.8257399965078,1024,7,300,4,60,45d19c03b68c861783b078a3d45ee82fca68d959c9f93dcb2001615269b97ea7
series_std_f32_p1,3,accepted,213696.6021688468,1607.9405462465174,0.027596286914123774,0.0006265160159813806,6740.977042816969,b2b3ade92c8006304696b082489b9881a2fcd9842af700f91dd3c79f3fa81faf,f93c2e6b5e8f3d20f08e2a541c89922cd7b31beade2146e368616e6d6b1eca27,-1,0,1099.9772819923237,1050.3003949997947,2197.6262379903346,1024,7,300,4,60,91a94c8c583753b241d4338d54c1139519471ab580a8a30aa6571f2718150de2
series_std_int64_gate,0,initial,477544.08483498334,2912.5321056738394,4.5140086113448774e-11,3.625339750623623e-11,9145.419118717055,5f82cebf719ada2a47d0a4f4f4f5b653c9913e956055754236dd615c90b9d7e3,eaac3cbb9f3ca157c2c9cdc0ad1fc2258ca8a1c4126c0e2ba8335d3e912e6f32,-1,1,1549.9249059939757,1303.6205739481375,2906.3460329780355,1024,7,300,4,60,020bd156497d059e9ae53f0708d8e5877767869e618ec33a0173cb91f7319ce3
series_std_int64_gate,0,prev_theta,477544.08483498334,2912.5321056738394,4.5140086113448774e-11,3.625339750623623e-11,9145.419118717055,5f82cebf719ada2a47d0a4f4f4f5b653c9913e956055754236dd615c90b9d7e3,eaac3cbb9f3ca157c2c9cdc0ad1fc2258ca8a1c4126c0e2ba8335d3e912e6f32,-1,1,1121.2029259186238,1055.138210998848,2228.078181971796,1024,7,300,4,60,020bd156497d059e9ae53f0708d8e5877767869e618ec33a0173cb91f7319ce3
series_std_int64_gate,0,accepted,276820.3566848477,1655.8810044408242,1.3494282889436882e-06,1.820757129039616e-07,3460.248321390057,423c4eb7a9f313e941456ab2adac75bc9cc1b2e40771f422834f0f60da66dfd7,40872cacc61f76b7facf657ae1ba8e3899a2d51d3de61a6d931785833167927d,-1,1,1104.8210770823061,1058.9772970415652,2211.27205202356,1024,7,300,4,60,dd1d0a3738d662c9f72ba6faf044645891e8e21f26396c2899071185104bf2eb
series_std_int64_gate,1,prev_theta,276820.3566848477,1655.8810044408242,1.3494282889436882e-06,1.820757129039616e-07,3460.248321390057,423c4eb7a9f313e941456ab2adac75bc9cc1b2e40771f422834f0f60da66dfd7,40872cacc61f76b7facf657ae1ba8e3899a2d51d3de61a6d931785833167927d,-1,1,1107.0818769512698,1050.9535929886624,2192.839015973732,1024,7,300,4,60,dd1d0a3738d662c9f72ba6faf044645891e8e21f26396c2899071185104bf2eb
series_std_int64_gate,1,accepted,209323.63800757303,1627.8385563714032,2.157526931806375e-06,3.214624992451526e-07,876.4149473778164,c04c975601a1107db7459688e341c51a13407c2a10866fc569f648c943f0235b,574d3713d28b34b78b4ae887a88ac04713bc3c1955ad3f12ac1e3acafc529d2c,-1,1,1104.5336079550907,1054.103682981804,2195.956196053885,1024,7,300,4,60,9eb9cba5218abec8baab1c3ec18220bc3538d130eb9dde458eec26999fc3b4ca
series_std_int64_gate,2,prev_theta,209323.63800757303,1627.8385563714032,2.157526931806375e-06,3.214624992451526e-07,876.4149473778164,c04c975601a1107db7459688e341c51a13407c2a10866fc569f648c943f0235b,574d3713d28b34b78b4ae887a88ac04713bc3c1955ad3f12ac1e3acafc529d2c,-1,1,1105.150425923057,1054.1576130781323,2194.107165094465,1024,7,300,4,60,9eb9cba5218abec8baab1c3ec18220bc3538d130eb9dde458eec26999fc3b4ca
series_std_int64_gate,2,accepted,205224.06459300406,1606.950578974731,2.4149547609847444e-06,8.556865519079856e-07,146.31434533160024,3915eb3c45c51d08c286596e56ea8f2e0c2782b88b3b13d78236698904e87aeb,185add868e57cd6c3574123d09d8436eee4c022152c7317b5c95f91a37371e02,-1,1,1104.5824120519683,1066.7070919880643,2219.5303589105606,1024,7,300,4,60,8ef1686df1dda1bd046913b2c292faca27aaae3c9dc83b0186bb3fb218621836
series_std_int64_gate,3,prev_theta,205224.06459300406,1606.950578974731,2.4149547609847444e-06,8.556865519079856e-07,146.31434533160024,3915eb3c45c51d08c286596e56ea8f2e0c2782b88b3b13d78236698904e87aeb,185add868e57cd6c3574123d09d8436eee4c022152c7317b5c95f91a37371e02,-1,1,1104.4095950201154,1053.0388680053875,2192.3595879925415,1024,7,300,4,60,8ef1686df1dda1bd046913b2c292faca27aaae3c9dc83b0186bb3fb218621836
series_std_int64_gate,3,accepted,204942.67142713213,1605.4849367143538,2.3713824671145467e-06,1.3777620104711892e-06,40.410095298398794,d5c4a1b940cdb09cc1c703c9d06d2a7783834c505634b95438da5882bbd32ef8,c13b787737b2380d3973e82a933012b2a7a4e2d559128e2084bd4fb708d1d659,-1,1,1103.1960709951818,1057.879892992787,2208.1772930687293,1024,7,300,4,60,e0f6be370effa7039033bfe70193015364c145f6be9f1d9edd8e74ab763e6c97
series_std_int64_p0,0,initial,477544.08483498334,2912.5321056738394,4.5140086113448774e-11,3.625339750623623e-11,9145.419118717055,5f82cebf719ada2a47d0a4f4f4f5b653c9913e956055754236dd615c90b9d7e3,eaac3cbb9f3ca157c2c9cdc0ad1fc2258ca8a1c4126c0e2ba8335d3e912e6f32,-1,1,1751.715856953524,1383.2677949685603,3188.947355025448,1024,7,300,4,60,020bd156497d059e9ae53f0708d8e5877767869e618ec33a0173cb91f7319ce3
series_std_int64_p0,0,prev_theta,477544.08483498334,2912.5321056738394,4.5140086113448774e-11,3.625339750623623e-11,9145.419118717055,5f82cebf719ada2a47d0a4f4f4f5b653c9913e956055754236dd615c90b9d7e3,eaac3cbb9f3ca157c2c9cdc0ad1fc2258ca8a1c4126c0e2ba8335d3e912e6f32,-1,1,1164.6051480202004,1067.3499340191483,2284.304133965634,1024,7,300,4,60,020bd156497d059e9ae53f0708d8e5877767869e618ec33a0173cb91f7319ce3
series_std_int64_p0,0,accepted,277855.4104790555,1662.5902329644864,0.02784524756722012,0.00013957648790788844,13568.435790535324,790db881c8378a27a1a6a3fee83129f976f7c6992c501d6f5a5db23a9f92121e,2897f1e0bbf64e125f9a92abb50e81b9a2af098436246a24615a72b4e1d06220,-1,0,1108.2431980175897,1070.1692210277542,2225.6476279580966,1024,7,300,4,60,530fc9a2b848ee853295e5ad7020b40ddfbb83b4922a4775dcb7c647e702f476
series_std_int64_p0,1,prev_theta,277855.4104790555,1662.5902329644864,0.02784524756722012,0.00013957648790788844,13568.435790535324,790db881c8378a27a1a6a3fee83129f976f7c6992c501d6f5a5db23a9f92121e,2897f1e0bbf64e125f9a92abb50e81b9a2af098436246a24615a72b4e1d06220,-1,0,1099.8505449388176,1063.2294989190996,2201.699618017301,1024,7,300,4,60,530fc9a2b848ee853295e5ad7020b40ddfbb83b4922a4775dcb7c647e702f476
series_std_int64_p0,1,accepted,217789.40796813037,1628.8767748215237,0.019828224636308067,0.00011930809757829138,9275.281305829914,f0db34d4d06e34425bc8114155f8b79b2aac537ff6eda9834de3963bd24618f7,bb51ab7c47e648b7467d7323ae0bb8f67f4d9ed556194cdd56d6c1f9a598a75a,-1,0,1110.4972520843148,1078.2495801104233,2228.4213710809126,1024,7,300,4,60,cd132ff4292921d736bc3b31abace3b63757607079afe3cbd4add8473ddd10a2
series_std_int64_p0,2,prev_theta,217789.40796813037,1628.8767748215237,0.019828224636308067,0.00011930809757829138,9275.281305829914,f0db34d4d06e34425bc8114155f8b79b2aac537ff6eda9834de3963bd24618f7,bb51ab7c47e648b7467d7323ae0bb8f67f4d9ed556194cdd56d6c1f9a598a75a,-1,0,1142.0973209897056,1109.5404799561948,2299.6564080240205,1024,7,300,4,60,cd132ff4292921d736bc3b31abace3b63757607079afe3cbd4add8473ddd10a2
series_std_int64_p0,2,accepted,214055.76447686527,1608.677865103679,0.02692868566719927,0.00012869167400367644,6112.531151750142,20a143879b87a3215a6c1bb7f36b599880be460bd7262356959af8d257156bdf,475b1179737b0cff54b01c90201118d5c9190e8534f6cc299028b7fc2b0a5794,-1,0,1132.0242800284177,1077.9432699782774,2258.382641011849,1024,7,300,4,60,f8f01f808993cae8e88f928fd934147a31bfd95382d6d7d9119d1d783fca5bbf
series_std_int64_p0,3,prev_theta,214055.76447686527,1608.677865103679,0.02692868566719927,0.00012869167400367644,6112.531151750142,20a143879b87a3215a6c1bb7f36b599880be460bd7262356959af8d257156bdf,475b1179737b0cff54b01c90201118d5c9190e8534f6cc299028b7fc2b0a5794,-1,0,1108.371064066887,1100.5348830949515,2244.7503770235926,1024,7,300,4,60,f8f01f808993cae8e88f928fd934147a31bfd95382d6d7d9119d1d783fca5bbf
series_std_int64_p0,3,accepted,213249.97615533782,1607.940554649675,0.020014471769410007,7.726730906832471e-06,2151.786841119131,2405a69a462f8fed97f02ec282580bd28654304439d472ba5ff9b988b877e6e5,3ca5b7024171d62b8cb74702c4f0d68262fecf82706e84e58fb26da617c537ec,-1,0,1121.962615987286,1066.5284401038662,2227.2506380686536,1024,7,300,4,60,4e746550280c46a29e2fe1f87b4cb166ced2924c2efa66d38f4a023e6ee72403
series_std_int64_p1,0,initial,477544.08483498334,2912.5321056738394,4.5140086113448774e-11,3.625339750623623e-11,9145.419118717055,5f82cebf719ada2a47d0a4f4f4f5b653c9913e956055754236dd615c90b9d7e3,eaac3cbb9f3ca157c2c9cdc0ad1fc2258ca8a1c4126c0e2ba8335d3e912e6f32,-1,1,1581.287864013575,1329.2835570173338,2974.3154960451648,1024,7,300,4,60,020bd156497d059e9ae53f0708d8e5877767869e618ec33a0173cb91f7319ce3
series_std_int64_p1,0,prev_theta,477544.08483498334,2912.5321056738394,4.5140086113448774e-11,3.625339750623623e-11,9145.419118717055,5f82cebf719ada2a47d0a4f4f4f5b653c9913e956055754236dd615c90b9d7e3,eaac3cbb9f3ca157c2c9cdc0ad1fc2258ca8a1c4126c0e2ba8335d3e912e6f32,-1,1,1127.918545040302,1078.7785040447488,2258.4119311068207,1024,7,300,4,60,020bd156497d059e9ae53f0708d8e5877767869e618ec33a0173cb91f7319ce3
series_std_int64_p1,0,accepted,277855.4104790555,1662.5902329644864,0.02784524756722012,0.00013957648790788844,13568.435790535324,790db881c8378a27a1a6a3fee83129f976f7c6992c501d6f5a5db23a9f92121e,2897f1e0bbf64e125f9a92abb50e81b9a2af098436246a24615a72b4e1d06220,-1,0,1123.5242310212925,1078.931281925179,2249.4355690432712,1024,7,300,4,60,530fc9a2b848ee853295e5ad7020b40ddfbb83b4922a4775dcb7c647e702f476
series_std_int64_p1,1,prev_theta,277855.4104790555,1662.5902329644864,0.02784524756722012,0.00013957648790788844,13568.435790535324,790db881c8378a27a1a6a3fee83129f976f7c6992c501d6f5a5db23a9f92121e,2897f1e0bbf64e125f9a92abb50e81b9a2af098436246a24615a72b4e1d06220,-1,0,1109.265162027441,1090.096677071415,2234.0396950021386,1024,7,300,4,60,530fc9a2b848ee853295e5ad7020b40ddfbb83b4922a4775dcb7c647e702f476
series_std_int64_p1,1,accepted,217789.40796813037,1628.8767748215237,0.019828224636308067,0.00011930809757829138,9275.281305829914,f0db34d4d06e34425bc8114155f8b79b2aac537ff6eda9834de3963bd24618f7,bb51ab7c47e648b7467d7323ae0bb8f67f4d9ed556194cdd56d6c1f9a598a75a,-1,0,1102.266433998011,1051.2860800372437,2199.638355989009,1024,7,300,4,60,cd132ff4292921d736bc3b31abace3b63757607079afe3cbd4add8473ddd10a2
series_std_int64_p1,2,prev_theta,217789.40796813037,1628.8767748215237,0.019828224636308067,0.00011930809757829138,9275.281305829914,f0db34d4d06e34425bc8114155f8b79b2aac537ff6eda9834de3963bd24618f7,bb51ab7c47e648b7467d7323ae0bb8f67f4d9ed556194cdd56d6c1f9a598a75a,-1,0,1120.8842429332435,1089.1333170002326,2246.214863960631,1024,7,300,4,60,cd132ff4292921d736bc3b31abace3b63757607079afe3cbd4add8473ddd10a2
series_std_int64_p1,2,accepted,214055.76447686527,1608.677865103679,0.02692868566719927,0.00012869167400367644,6112.531151750142,20a143879b87a3215a6c1bb7f36b599880be460bd7262356959af8d257156bdf,475b1179737b0cff54b01c90201118d5c9190e8534f6cc299028b7fc2b0a5794,-1,0,1124.3622639449313,1055.87891000323,2227.540601976216,1024,7,300,4,60,f8f01f808993cae8e88f928fd934147a31bfd95382d6d7d9119d1d783fca5bbf
series_std_int64_p1,3,prev_theta,214055.76447686527,1608.677865103679,0.02692868566719927,0.00012869167400367644,6112.531151750142,20a143879b87a3215a6c1bb7f36b599880be460bd7262356959af8d257156bdf,475b1179737b0cff54b01c90201118d5c9190e8534f6cc299028b7fc2b0a5794,-1,0,1110.7272639637813,1092.2386489110067,2250.353134004399,1024,7,300,4,60,f8f01f808993cae8e88f928fd934147a31bfd95382d6d7d9119d1d783fca5bbf
series_std_int64_p1,3,accepted,213249.97615533782,1607.940554649675,0.020014471769410007,7.726730906832471e-06,2151.786841119131,2405a69a462f8fed97f02ec282580bd28654304439d472ba5ff9b988b877e6e5,3ca5b7024171d62b8cb74702c4f0d68262fecf82706e84e58fb26da617c537ec,-1,0,1150.4008140182123,1076.1714869877324,2275.0650730449706,1024,7,300,4,60,4e746550280c46a29e2fe1f87b4cb166ced2924c2efa66d38f4a023e6ee72403
series_win7_int64_gate,0,initial,643440.6020936834,3760.1327209142946,6.677146272004997e-08,2.048933464421364e-08,14440.273390173574,87fde935794c6a2e6ab708b7bbabc172c2334956852058ed885b2fc33dbe6f7b,2b30e9e819525f9d7213e53098842e2b4f4d9fe64285657d7309ccf52f1a260a,-1,1,1617.0535560231656,1404.4066140195355,3075.822817045264,1024,6,300,4,60,020bd156497d059e9ae53f0708d8e5877767869e618ec33a0173cb91f7319ce3
series_win7_int64_gate,0,prev_theta,643440.6020936834,3760.1327209142946,6.677146272004997e-08,2.048933464421364e-08,14440.273390173574,87fde935794c6a2e6ab708b7bbabc172c2334956852058ed885b2fc33dbe6f7b,2b30e9e819525f9d7213e53098842e2b4f4d9fe64285657d7309ccf52f1a260a,-1,1,1119.3556979997084,1401.6739299986511,2572.7416130248457,1024,6,300,4,60,020bd156497d059e9ae53f0708d8e5877767869e618ec33a0173cb91f7319ce3
series_win7_int64_gate,0,accepted,340188.80010393995,1639.1084291300717,9.931127027809628e-06,1.7150894679719651e-06,4934.738563885308,13f52abebeda573d89ed477bb3455e8f976ff9d2d5fa337ad226513fa1aa0520,4c8c939a2f7f06e05c1c66738483d5203016aadd1b197c82cbbb169e27466172,-1,1,1136.0637840116397,1404.8981710802764,2587.2593520907685,1024,6,300,4,60,130a84e7e916e2b42538a38f78473b885c4e0dd76c40ee79d712d7a24824b42e
series_win7_int64_gate,1,prev_theta,340188.80010393995,1639.1084291300717,9.931127027809628e-06,1.7150894679719651e-06,4934.738563885308,13f52abebeda573d89ed477bb3455e8f976ff9d2d5fa337ad226513fa1aa0520,4c8c939a2f7f06e05c1c66738483d5203016aadd1b197c82cbbb169e27466172,-1,1,1127.4844439467415,1419.614069047384,2583.9890768984333,1024,6,300,4,60,130a84e7e916e2b42538a38f78473b885c4e0dd76c40ee79d712d7a24824b42e
series_win7_int64_gate,1,accepted,206020.09890610143,1608.3294385227146,9.931127027809628e-06,5.457520514593602e-06,302.0578994981507,f890d21bab289e1da64a4b134648e06dec944a43219c423b0d6c7bfafc274865,99086c1eb6908d6f2df746d534392eed08581624a6f01ccd01dda1d1287af368,-1,1,1103.7676089908928,1389.790409943089,2533.8778959121555,1024,6,300,4,60,575f74c73f3786fd67e2bc73cd3dc35b11220c61de2a5eeb2f53b2067b924300
series_win7_int64_gate,2,prev_theta,206020.09890610143,1608.3294385227146,9.931127027809628e-06,5.457520514593602e-06,302.0578994981507,f890d21bab289e1da64a4b134648e06dec944a43219c423b0d6c7bfafc274865,99086c1eb6908d6f2df746d534392eed08581624a6f01ccd01dda1d1287af368,-1,1,1129.009497934021,1388.0540420068428,2553.5118160769343,1024,6,300,4,60,575f74c73f3786fd67e2bc73cd3dc35b11220c61de2a5eeb2f53b2067b924300
series_win7_int64_gate,2,accepted,205435.95133902237,1606.2251976924563,9.931127027809628e-06,4.1814879989082705e-06,146.64729102510674,3e377830ee0ffdecb4960a0d786852ed354c85d6d774f7820a288bf02de1ee02,d2f655055bfc4e82bcf9e6295fa1596412b9c76f4588b38bd095e3340ad855eb,-1,1,1150.491917040199,1377.5380849838257,2562.865884974599,1024,6,300,4,60,c1e0fd788a32f30aab9161a98dda62c1925d7c911e88f5904e517946cc927c1a
series_win7_int64_gate,3,prev_theta,205435.95133902237,1606.2251976924563,9.931127027809628e-06,4.1814879989082705e-06,146.64729102510674,3e377830ee0ffdecb4960a0d786852ed354c85d6d774f7820a288bf02de1ee02,d2f655055bfc4e82bcf9e6295fa1596412b9c76f4588b38bd095e3340ad855eb,-1,1,1109.8398560425267,1375.1997109502554,2519.8423139518127,1024,6,300,4,60,c1e0fd788a32f30aab9161a98dda62c1925d7c911e88f5904e517946cc927c1a
series_win7_int64_gate,3,accepted,205250.31196479348,1604.0932931259676,9.931127027809628e-06,7.150886093629923e-06,114.43853669971766,7d10e14783b7eecf42b83f9ff13d59e93dfeb9f15a0474169f325faf0216b440,3c80101ba3275b39dd19cf9849b156c8d5acaf5a2e4254e00ea4116ce867f13b,-1,1,1106.2395090702921,1385.289023979567,2532.889547990635,1024,6,300,4,60,c2b60e022e6d2eed5bdcb94260ddba3cc0674b0f1a72c572c87f6c0a49815829
series_win7_int64_p0,0,initial,643440.6020936834,3760.1327209142946,6.677146272004997e-08,2.048933464421364e-08,14440.273390173574,87fde935794c6a2e6ab708b7bbabc172c2334956852058ed885b2fc33dbe6f7b,2b30e9e819525f9d7213e53098842e2b4f4d9fe64285657d7309ccf52f1a260a,-1,1,1556.7092560231686,1413.2961380528286,3027.560631977394,1024,6,300,4,60,020bd156497d059e9ae53f0708d8e5877767869e618ec33a0173cb91f7319ce3
series_win7_int64_p0,0,prev_theta,643440.6020936834,3760.1327209142946,6.677146272004997e-08,2.048933464421364e-08,14440.273390173574,87fde935794c6a2e6ab708b7bbabc172c2334956852058ed885b2fc33dbe6f7b,2b30e9e819525f9d7213e53098842e2b4f4d9fe64285657d7309ccf52f1a260a,-1,1,1099.1644989699125,1390.04675403703,2544.475111993961,1024,6,300,4,60,020bd156497d059e9ae53f0708d8e5877767869e618ec33a0173cb91f7319ce3
series_win7_int64_p0,0,accepted,209555.9180967085,1629.815434660993,0.018282325680855215,0.000924209789287152,1143.224165163292,2c3c8d91eaeee0c7a09ba60e2b333406a42366d2c33e2300058c410d5365a5cd,7603bd8ee8a9b7dac71bf949f99ac1e4a111a7d84291064a2ce911e89870f016,-1,0,1101.826902013272,1411.4924260647967,2560.618982068263,1024,6,300,4,60,20c8cc6d76d924a0c2d1f63c266844d1d7f1e774fa2e523d439a7afc123b6c63
series_win7_int64_p0,1,prev_theta,209555.9180967085,1629.815434660993,0.018282325680855215,0.000924209789287152,1143.224165163292,2c3c8d91eaeee0c7a09ba60e2b333406a42366d2c33e2300058c410d5365a5cd,7603bd8ee8a9b7dac71bf949f99ac1e4a111a7d84291064a2ce911e89870f016,-1,0,1098.5933450283483,1468.1770339375362,2601.2441869825125,1024,6,300,4,60,20c8cc6d76d924a0c2d1f63c266844d1d7f1e774fa2e523d439a7afc123b6c63
series_win7_int64_p0,1,accepted,204857.40704786504,1600.317119357644,0.01618793842000779,0.000648709591390304,46.9517921422574,f7666abb3669b3bea278219c4c3a8eca078b026401f4e2e554dd6f419520770a,0add8d4a26e041eb7d84587ae40aca20e12b9ce7c9cd61e42c19720218529ba1,-1,0,1097.9037510696799,1407.8362380387262,2540.8989989664406,1024,6,300,4,60,0ebb7940fe6d6e77d7c2353599d50e36fbf7029744c07811abe8457fd2c9e1e8
series_win7_int64_p0,2,prev_theta,204857.40704786504,1600.317119357644,0.01618793842000779,0.000648709591390304,46.9517921422574,f7666abb3669b3bea278219c4c3a8eca078b026401f4e2e554dd6f419520770a,0add8d4a26e041eb7d84587ae40aca20e12b9ce7c9cd61e42c19720218529ba1,-1,0,1100.7834159536287,1382.880047080107,2518.4588219271973,1024,6,300,4,60,0ebb7940fe6d6e77d7c2353599d50e36fbf7029744c07811abe8457fd2c9e1e8
series_win7_int64_p0,2,accepted,204846.19242442504,1600.2924444626342,0.016129508963921027,0.0005465707565853112,2.2109089976703014,0426514ba798dcb5a382b994c56d51ac1c42e5da2ebdd252e05c3906873f1348,39a96d29a82fd14ae2ab16fb465f353977496792040299b4091fd28b229c41fb,-1,0,1100.0018629711121,1377.201474038884,2517.758308094926,1024,6,300,4,60,0abb005820767e071f39c4fa6f3d16ecda277c8d4716e808fd6d3d37d4cfa473
series_win7_int64_p0,3,prev_theta,204846.19242442504,1600.2924444626342,0.016129508963921027,0.0005465707565853112,2.2109089976703014,0426514ba798dcb5a382b994c56d51ac1c42e5da2ebdd252e05c3906873f1348,39a96d29a82fd14ae2ab16fb465f353977496792040299b4091fd28b229c41fb,-1,0,1100.2563099609688,1420.2035230118781,2556.1818630667403,1024,6,300,4,60,0abb005820767e071f39c4fa6f3d16ecda277c8d4716e808fd6d3d37d4cfa473
series_win7_int64_p0,3,accepted,204845.81407449415,1600.2924442613603,0.016114821798228762,0.0006799690437208171,1.1206862733227916,a9eaa0b5f810576894db348c224aeb797a867fd05048323483220ac0be46a760,965525816006fc2f97e22e95824d3137ab7b80f98d20d00efce9dd689db5b9bf,-1,0,1109.6660249168053,1383.275753003545,2528.091726009734,1024,6,300,4,60,b7eb521442b479c37e7acefb5f86cc5a26211bc7dd1386b79f3fc0c78aa30812
series_win7_int64_p1,0,initial,643440.6020936834,3760.1327209142946,6.677146272004997e-08,2.048933464421364e-08,14440.273390173574,87fde935794c6a2e6ab708b7bbabc172c2334956852058ed885b2fc33dbe6f7b,2b30e9e819525f9d7213e53098842e2b4f4d9fe64285657d7309ccf52f1a260a,-1,1,1552.4846588959917,1404.866378987208,3011.0283319372684,1024,6,300,4,60,020bd156497d059e9ae53f0708d8e5877767869e618ec33a0173cb91f7319ce3
series_win7_int64_p1,0,prev_theta,643440.6020936834,3760.1327209142946,6.677146272004997e-08,2.048933464421364e-08,14440.273390173574,87fde935794c6a2e6ab708b7bbabc172c2334956852058ed885b2fc33dbe6f7b,2b30e9e819525f9d7213e53098842e2b4f4d9fe64285657d7309ccf52f1a260a,-1,1,1101.401562918909,1379.9232619348913,2531.936628976837,1024,6,300,4,60,020bd156497d059e9ae53f0708d8e5877767869e618ec33a0173cb91f7319ce3
series_win7_int64_p1,0,accepted,209555.9180967085,1629.815434660993,0.018282325680855215,0.000924209789287152,1143.224165163292,2c3c8d91eaeee0c7a09ba60e2b333406a42366d2c33e2300058c410d5365a5cd,7603bd8ee8a9b7dac71bf949f99ac1e4a111a7d84291064a2ce911e89870f016,-1,0,1095.5259980401024,1402.1887769922614,2545.5280039459467,1024,6,300,4,60,20c8cc6d76d924a0c2d1f63c266844d1d7f1e774fa2e523d439a7afc123b6c63
series_win7_int64_p1,1,prev_theta,209555.9180967085,1629.815434660993,0.018282325680855215,0.000924209789287152,1143.224165163292,2c3c8d91eaeee0c7a09ba60e2b333406a42366d2c33e2300058c410d5365a5cd,7603bd8ee8a9b7dac71bf949f99ac1e4a111a7d84291064a2ce911e89870f016,-1,0,1105.43209197931,1403.0573240015656,2545.2082339907065,1024,6,300,4,60,20c8cc6d76d924a0c2d1f63c266844d1d7f1e774fa2e523d439a7afc123b6c63
series_win7_int64_p1,1,accepted,204857.40704786504,1600.317119357644,0.01618793842000779,0.000648709591390304,46.9517921422574,f7666abb3669b3bea278219c4c3a8eca078b026401f4e2e554dd6f419520770a,0add8d4a26e041eb7d84587ae40aca20e12b9ce7c9cd61e42c19720218529ba1,-1,0,1097.014757920988,1392.4293770687655,2539.514558040537,1024,6,300,4,60,0ebb7940fe6d6e77d7c2353599d50e36fbf7029744c07811abe8457fd2c9e1e8
series_win7_int64_p1,2,prev_theta,204857.40704786504,1600.317119357644,0.01618793842000779,0.000648709591390304,46.9517921422574,f7666abb3669b3bea278219c4c3a8eca078b026401f4e2e554dd6f419520770a,0add8d4a26e041eb7d84587ae40aca20e12b9ce7c9cd61e42c19720218529ba1,-1,0,1099.0388100035489,1389.5136719802395,2523.997405078262,1024,6,300,4,60,0ebb7940fe6d6e77d7c2353599d50e36fbf7029744c07811abe8457fd2c9e1e8
series_win7_int64_p1,2,accepted,204846.19242442504,1600.2924444626342,0.016129508963921027,0.0005465707565853112,2.2109089976703014,0426514ba798dcb5a382b994c56d51ac1c42e5da2ebdd252e05c3906873f1348,39a96d29a82fd14ae2ab16fb465f353977496792040299b4091fd28b229c41fb,-1,0,1102.6075179688632,1375.8874179329723,2514.3814380280674,1024,6,300,4,60,0abb005820767e071f39c4fa6f3d16ecda277c8d4716e808fd6d3d37d4cfa473
series_win7_int64_p1,3,prev_theta,204846.19242442504,1600.2924444626342,0.016129508963921027,0.0005465707565853112,2.2109089976703014,0426514ba798dcb5a382b994c56d51ac1c42e5da2ebdd252e05c3906873f1348,39a96d29a82fd14ae2ab16fb465f353977496792040299b4091fd28b229c41fb,-1,0,1100.9367710212246,1418.2855660328642,2554.161348962225,1024,6,300,4,60,0abb005820767e071f39c4fa6f3d16ecda277c8d4716e808fd6d3d37d4cfa473
series_win7_int64_p1,3,accepted,204845.81407449415,1600.2924442613603,0.016114821798228762,0.0006799690437208171,1.1206862733227916,a9eaa0b5f810576894db348c224aeb797a867fd05048323483220ac0be46a760,965525816006fc2f97e22e95824d3137ab7b80f98d20d00efce9dd689db5b9bf,-1,0,1104.1169869713485,1406.1375099699944,2559.249893995002,1024,6,300,4,60,b7eb521442b479c37e7acefb5f86cc5a26211bc7dd1386b79f3fc0c78aa30812
